<?xml version="1.0" encoding="UTF-8"?>
<Tokens version="1.0">
  <Token>
    <TokenIdentifier>
      <Name>actionOnEventType</Name>
      <APILanguage>cpp</APILanguage>
      <Type>data</Type>
    </TokenIdentifier>
    <Path>class_ak_event_a9ebd4b3857bd5aa4e48ad140f7418a75.html</Path>
    <Anchor>a9ebd4b3857bd5aa4e48ad140f7418a75</Anchor>
    <Abstract>Replacement action. See AK::SoundEngine::ExecuteEventOnAction().</Abstract>
  </Token>
  <Token>
    <TokenIdentifier>
      <Name>curveInterpolation</Name>
      <APILanguage>cpp</APILanguage>
      <Type>data</Type>
    </TokenIdentifier>
    <Path>class_ak_event_ac9a601f2ea52e2ec4f7da6f6d1f47417.html</Path>
    <Anchor>ac9a601f2ea52e2ec4f7da6f6d1f47417</Anchor>
    <Abstract>Fade curve to use with the new Action. See AK::SoundEngine::ExecuteEventOnAction()...</Abstract>
  </Token>
  <Token>
    <TokenIdentifier>
      <Name>enableActionOnEvent</Name>
      <APILanguage>cpp</APILanguage>
      <Type>data</Type>
    </TokenIdentifier>
    <Path>class_ak_event_a55c358f4863c8f85aa5dd72dcf5b8fcb.html</Path>
    <Anchor>a55c358f4863c8f85aa5dd72dcf5b8fcb</Anchor>
    <Abstract>Enables additional options to reuse existing events. Use it to transform a Play event...</Abstract>
  </Token>
  <Token>
    <TokenIdentifier>
      <Name>eventID</Name>
      <APILanguage>cpp</APILanguage>
      <Type>data</Type>
    </TokenIdentifier>
    <Path>class_ak_event_a74212f955e0443deb39b764bbecc809a.html</Path>
    <Anchor>a74212f955e0443deb39b764bbecc809a</Anchor>
    <Abstract>ID of the Event as found in the WwiseID.cs file.</Abstract>
  </Token>
  <Token>
    <TokenIdentifier>
      <Name>soundEmitterObject</Name>
      <APILanguage>cpp</APILanguage>
      <Type>data</Type>
    </TokenIdentifier>
    <Path>class_ak_event_a6299fe43fd983eef04a9b0aebc8fd4cf.html</Path>
    <Anchor>a6299fe43fd983eef04a9b0aebc8fd4cf</Anchor>
    <Abstract>Game object onto which the Event will be posted. By default, when empty, it is posted...</Abstract>
  </Token>
  <Token>
    <TokenIdentifier>
      <Name>transitionDuration</Name>
      <APILanguage>cpp</APILanguage>
      <Type>data</Type>
    </TokenIdentifier>
    <Path>class_ak_event_a856277457c22871638f774f7b99069d8.html</Path>
    <Anchor>a856277457c22871638f774f7b99069d8</Anchor>
    <Abstract>Duration of the fade. See AK::SoundEngine::ExecuteEventOnAction().</Abstract>
  </Token>
  <Token>
    <TokenIdentifier>
      <Name>AudioFormatDelegate</Name>
      <APILanguage>csharp</APILanguage>
      <Type>instm</Type>
    </TokenIdentifier>
    <Path>class_ak_audio_input_manager_a078e01d2680da98dcceb3a576ab2e635.html</Path>
    <Anchor>a078e01d2680da98dcceb3a576ab2e635</Anchor>
    <Abstract>Sanitized audio format delegate to be used by classes that implement audio input...</Abstract>
  </Token>
  <Token>
    <TokenIdentifier>
      <Name>AudioFormatInteropDelegate</Name>
      <APILanguage>csharp</APILanguage>
      <Type>instm</Type>
    </TokenIdentifier>
    <Path>class_ak_audio_input_manager_a8355f9a3e35deaa074e7fe025a257436.html</Path>
    <Anchor>a8355f9a3e35deaa074e7fe025a257436</Anchor>
    <Abstract>Audio format delegate that is sent to C++.</Abstract>
  </Token>
  <Token>
    <TokenIdentifier>
      <Name>AudioSamplesDelegate</Name>
      <APILanguage>csharp</APILanguage>
      <Type>instm</Type>
    </TokenIdentifier>
    <Path>class_ak_audio_input_manager_a1fdf4de05219b5d973a112f5a4d3d75f.html</Path>
    <Anchor>a1fdf4de05219b5d973a112f5a4d3d75f</Anchor>
    <Abstract>Sanitized audio sample delegate to be used by classes that implement audio input...</Abstract>
  </Token>
  <Token>
    <TokenIdentifier>
      <Name>AudioSamplesInteropDelegate</Name>
      <APILanguage>csharp</APILanguage>
      <Type>instm</Type>
    </TokenIdentifier>
    <Path>class_ak_audio_input_manager_a4911c2f19605a339db35fe6f32b5356e.html</Path>
    <Anchor>a4911c2f19605a339db35fe6f32b5356e</Anchor>
    <Abstract>Audio sample delegate that is sent to C++.</Abstract>
  </Token>
  <Token>
    <TokenIdentifier>
      <Name>PostAudioInputEvent</Name>
      <APILanguage>csharp</APILanguage>
      <Type>clm</Type>
    </TokenIdentifier>
    <Path>class_ak_audio_input_manager_aa5ce4d9b47d67713939cec4b9b470fc3.html</Path>
    <Anchor>aa5ce4d9b47d67713939cec4b9b470fc3</Anchor>
    <Abstract>This method is used to post events that use the Wwise Audio Input plug-in.</Abstract>
  </Token>
  <Token>
    <TokenIdentifier>
      <Name>PostAudioInputEvent</Name>
      <APILanguage>csharp</APILanguage>
      <Type>clm</Type>
    </TokenIdentifier>
    <Path>class_ak_audio_input_manager_a5122e58d0913b9fb85fc38bc8da65aca.html</Path>
    <Anchor>a5122e58d0913b9fb85fc38bc8da65aca</Anchor>
    <Abstract>This method is used to post events that use the Wwise Audio Input plug-in.</Abstract>
  </Token>
  <Token>
    <TokenIdentifier>
      <Name>PostAudioInputEvent</Name>
      <APILanguage>csharp</APILanguage>
      <Type>clm</Type>
    </TokenIdentifier>
    <Path>class_ak_audio_input_manager_a20284e133bbaf7cc175011cd46c0ac32.html</Path>
    <Anchor>a20284e133bbaf7cc175011cd46c0ac32</Anchor>
    <Abstract>This method is used to post events that use the Wwise Audio Input plug-in.</Abstract>
  </Token>
  <Token>
    <TokenIdentifier>
      <Name>HandleEvent</Name>
      <APILanguage>csharp</APILanguage>
      <Type>instm</Type>
    </TokenIdentifier>
    <Path>class_ak_bank_a08cc9eeda081d81c8c2183de837a4b37.html</Path>
    <Anchor>a08cc9eeda081d81c8c2183de837a4b37</Anchor>
    <Abstract>Loads the SoundBank.</Abstract>
  </Token>
  <Token>
    <TokenIdentifier>
      <Name>UnloadBank</Name>
      <APILanguage>csharp</APILanguage>
      <Type>instm</Type>
    </TokenIdentifier>
    <Path>class_ak_bank_a76dab3660ea72e5e842aff7c5b3a0506.html</Path>
    <Anchor>a76dab3660ea72e5e842aff7c5b3a0506</Anchor>
    <Abstract>Unloads a SoundBank.</Abstract>
  </Token>
  <Token>
    <TokenIdentifier>
      <Name>bankName</Name>
      <APILanguage>cpp</APILanguage>
      <Type>data</Type>
    </TokenIdentifier>
    <Path>class_ak_bank_a54e661da632920972f17f634261e5980.html</Path>
    <Anchor>a54e661da632920972f17f634261e5980</Anchor>
    <Abstract>Name of the SoundBank, as specified in the Wwise project.</Abstract>
  </Token>
  <Token>
    <TokenIdentifier>
      <Name>decodeBank</Name>
      <APILanguage>cpp</APILanguage>
      <Type>data</Type>
    </TokenIdentifier>
    <Path>class_ak_bank_a3f58529f1a33b70d89941ec3c9e1e7f7.html</Path>
    <Anchor>a3f58529f1a33b70d89941ec3c9e1e7f7</Anchor>
    <Abstract>Decode this SoundBank upon load.</Abstract>
  </Token>
  <Token>
    <TokenIdentifier>
      <Name>loadAsynchronous</Name>
      <APILanguage>cpp</APILanguage>
      <Type>data</Type>
    </TokenIdentifier>
    <Path>class_ak_bank_ad4479c06c1ebb566ae0026ac55a33466.html</Path>
    <Anchor>ad4479c06c1ebb566ae0026ac55a33466</Anchor>
    <Abstract>Check this to load the SoundBank in the background. Be careful, if Events are triggered...</Abstract>
  </Token>
  <Token>
    <TokenIdentifier>
      <Name>saveDecodedBank</Name>
      <APILanguage>cpp</APILanguage>
      <Type>data</Type>
    </TokenIdentifier>
    <Path>class_ak_bank_a94de1015c0721b0bd1372827c86821bb.html</Path>
    <Anchor>a94de1015c0721b0bd1372827c86821bb</Anchor>
    <Abstract>Save the decoded SoundBank to disk for faster loads in the future.</Abstract>
  </Token>
  <Token>
    <TokenIdentifier>
      <Name>unloadTriggerList</Name>
      <APILanguage>cpp</APILanguage>
      <Type>data</Type>
    </TokenIdentifier>
    <Path>class_ak_bank_a7d5d68d607a2c55e3370aed5ed0e5824.html</Path>
    <Anchor>a7d5d68d607a2c55e3370aed5ed0e5824</Anchor>
    <Abstract>Reserved.</Abstract>
  </Token>
  <Token>
    <TokenIdentifier>
      <Name>LoadBank</Name>
      <APILanguage>csharp</APILanguage>
      <Type>clm</Type>
    </TokenIdentifier>
    <Path>class_ak_bank_manager_a5f2a6c077bf19c7671430b711f97afd5.html</Path>
    <Anchor>a5f2a6c077bf19c7671430b711f97afd5</Anchor>
    <Abstract>Loads a SoundBank. This version blocks until the bank is loaded. See AK::SoundEngine::LoadBank...</Abstract>
  </Token>
  <Token>
    <TokenIdentifier>
      <Name>LoadBankAsync</Name>
      <APILanguage>csharp</APILanguage>
      <Type>clm</Type>
    </TokenIdentifier>
    <Path>class_ak_bank_manager_ac76cc3fd7f71e2abcb8d2e9813bc2779.html</Path>
    <Anchor>ac76cc3fd7f71e2abcb8d2e9813bc2779</Anchor>
    <Abstract>Loads a SoundBank. This version returns right away and loads in background. See AK::SoundEngine::Loa...</Abstract>
  </Token>
  <Token>
    <TokenIdentifier>
      <Name>UnloadBank</Name>
      <APILanguage>csharp</APILanguage>
      <Type>clm</Type>
    </TokenIdentifier>
    <Path>class_ak_bank_manager_a61b84e85a9591dae1eacd60b391ceb90.html</Path>
    <Anchor>a61b84e85a9591dae1eacd60b391ceb90</Anchor>
    <Abstract>Unloads a SoundBank. See AK::SoundEngine::UnloadBank for more information.</Abstract>
  </Token>
  <Token>
    <TokenIdentifier>
      <Name>GetPlatformName</Name>
      <APILanguage>csharp</APILanguage>
      <Type>clm</Type>
    </TokenIdentifier>
    <Path>class_ak_base_path_getter_aa33995f86df77a86cf91d0b2dece0a95.html</Path>
    <Anchor>aa33995f86df77a86cf91d0b2dece0a95</Anchor>
    <Abstract>Determines the platform name which is also the sub-folder within the base path where...</Abstract>
  </Token>
  <Token>
    <TokenIdentifier>
      <Name>GetPlatformBasePath</Name>
      <APILanguage>csharp</APILanguage>
      <Type>clm</Type>
    </TokenIdentifier>
    <Path>class_ak_base_path_getter_a87a378521ccb60517588db6c986c5cca.html</Path>
    <Anchor>a87a378521ccb60517588db6c986c5cca</Anchor>
    <Abstract>Returns the absolute path to the platform specific sound banks.</Abstract>
  </Token>
  <Token>
    <TokenIdentifier>
      <Name>GetFullSoundBankPath</Name>
      <APILanguage>csharp</APILanguage>
      <Type>clm</Type>
    </TokenIdentifier>
    <Path>class_ak_base_path_getter_aac4b97def3621c2dd092314b233d63d9.html</Path>
    <Anchor>aac4b97def3621c2dd092314b233d63d9</Anchor>
    <Abstract>Returns the absolute path to the folder above the platform specific sound banks sub-folders...</Abstract>
  </Token>
  <Token>
    <TokenIdentifier>
      <Name>GetSoundbankBasePath</Name>
      <APILanguage>csharp</APILanguage>
      <Type>clm</Type>
    </TokenIdentifier>
    <Path>class_ak_base_path_getter_a2ced61af56e3c8fee93adc242769df22.html</Path>
    <Anchor>a2ced61af56e3c8fee93adc242769df22</Anchor>
    <Abstract>Returns the absolute path to the platform specific sound banks, and logs an error...</Abstract>
  </Token>
  <Token>
    <TokenIdentifier>
      <Name>EventCallback</Name>
      <APILanguage>csharp</APILanguage>
      <Type>instm</Type>
    </TokenIdentifier>
    <Path>class_ak_callback_manager_a3d69367eb6a8fc1caa1566ae78c71dca.html</Path>
    <Anchor>a3d69367eb6a8fc1caa1566ae78c71dca</Anchor>
    <Abstract>Event callback used when posting events.</Abstract>
  </Token>
  <Token>
    <TokenIdentifier>
      <Name>MonitoringCallback</Name>
      <APILanguage>csharp</APILanguage>
      <Type>instm</Type>
    </TokenIdentifier>
    <Path>class_ak_callback_manager_ab4e6dde819544a4bf2503f846c864204.html</Path>
    <Anchor>ab4e6dde819544a4bf2503f846c864204</Anchor>
    <Abstract>Monitoring callback called when Wwise reports errors.</Abstract>
  </Token>
  <Token>
    <TokenIdentifier>
      <Name>BankCallback</Name>
      <APILanguage>csharp</APILanguage>
      <Type>instm</Type>
    </TokenIdentifier>
    <Path>class_ak_callback_manager_af1c74fec779f345e301ef4f2ede668d9.html</Path>
    <Anchor>af1c74fec779f345e301ef4f2ede668d9</Anchor>
    <Abstract>Bank callback called upon bank load and unload and when errors occur.</Abstract>
  </Token>
  <Token>
    <TokenIdentifier>
      <Name>SetMonitoringCallback</Name>
      <APILanguage>csharp</APILanguage>
      <Type>clm</Type>
    </TokenIdentifier>
    <Path>class_ak_callback_manager_af09a68fdae5c3501dfae128c86e2021c.html</Path>
    <Anchor>af09a68fdae5c3501dfae128c86e2021c</Anchor>
    <Abstract>Call this to set a function to call whenever Wwise prints a message (warnings or...</Abstract>
  </Token>
  <Token>
    <TokenIdentifier>
      <Name>SetBGMCallback</Name>
      <APILanguage>csharp</APILanguage>
      <Type>clm</Type>
    </TokenIdentifier>
    <Path>class_ak_callback_manager_af1adabac2fa29adf7790d2ec66b58907.html</Path>
    <Anchor>af1adabac2fa29adf7790d2ec66b58907</Anchor>
    <Abstract>Call this to set a background music callback function. By default this callback is...</Abstract>
  </Token>
  <Token>
    <TokenIdentifier>
      <Name>PostCallbacks</Name>
      <APILanguage>csharp</APILanguage>
      <Type>clm</Type>
    </TokenIdentifier>
    <Path>class_ak_callback_manager_a514eb0e85a31f0f5b2299a013085b360.html</Path>
    <Anchor>a514eb0e85a31f0f5b2299a013085b360</Anchor>
  </Token>
  <Token>
    <TokenIdentifier>
      <Name>axis</Name>
      <APILanguage>cpp</APILanguage>
      <Type>data</Type>
    </TokenIdentifier>
    <Path>class_ak_environment_portal_a504d789ba5d9381faea26c7b70482fc8.html</Path>
    <Anchor>a504d789ba5d9381faea26c7b70482fc8</Anchor>
    <Abstract>The axis used to find the contribution of each environment.</Abstract>
  </Token>
  <Token>
    <TokenIdentifier>
      <Name>environments</Name>
      <APILanguage>cpp</APILanguage>
      <Type>data</Type>
    </TokenIdentifier>
    <Path>class_ak_environment_portal_a8cbc19a19d2e53560a310160c23be2b3.html</Path>
    <Anchor>a8cbc19a19d2e53560a310160c23be2b3</Anchor>
  </Token>
  <Token>
    <TokenIdentifier>
      <Name>actionOnEventType</Name>
      <APILanguage>cpp</APILanguage>
      <Type>data</Type>
    </TokenIdentifier>
    <Path>class_ak_event_a9ebd4b3857bd5aa4e48ad140f7418a75.html</Path>
    <Anchor>a9ebd4b3857bd5aa4e48ad140f7418a75</Anchor>
    <Abstract>Replacement action. See AK::SoundEngine::ExecuteEventOnAction().</Abstract>
  </Token>
  <Token>
    <TokenIdentifier>
      <Name>curveInterpolation</Name>
      <APILanguage>cpp</APILanguage>
      <Type>data</Type>
    </TokenIdentifier>
    <Path>class_ak_event_ac9a601f2ea52e2ec4f7da6f6d1f47417.html</Path>
    <Anchor>ac9a601f2ea52e2ec4f7da6f6d1f47417</Anchor>
    <Abstract>Fade curve to use with the new Action. See AK::SoundEngine::ExecuteEventOnAction()...</Abstract>
  </Token>
  <Token>
    <TokenIdentifier>
      <Name>enableActionOnEvent</Name>
      <APILanguage>cpp</APILanguage>
      <Type>data</Type>
    </TokenIdentifier>
    <Path>class_ak_event_a55c358f4863c8f85aa5dd72dcf5b8fcb.html</Path>
    <Anchor>a55c358f4863c8f85aa5dd72dcf5b8fcb</Anchor>
    <Abstract>Enables additional options to reuse existing events. Use it to transform a Play event...</Abstract>
  </Token>
  <Token>
    <TokenIdentifier>
      <Name>eventID</Name>
      <APILanguage>cpp</APILanguage>
      <Type>data</Type>
    </TokenIdentifier>
    <Path>class_ak_event_a74212f955e0443deb39b764bbecc809a.html</Path>
    <Anchor>a74212f955e0443deb39b764bbecc809a</Anchor>
    <Abstract>ID of the Event as found in the WwiseID.cs file.</Abstract>
  </Token>
  <Token>
    <TokenIdentifier>
      <Name>soundEmitterObject</Name>
      <APILanguage>cpp</APILanguage>
      <Type>data</Type>
    </TokenIdentifier>
    <Path>class_ak_event_a6299fe43fd983eef04a9b0aebc8fd4cf.html</Path>
    <Anchor>a6299fe43fd983eef04a9b0aebc8fd4cf</Anchor>
    <Abstract>Game object onto which the Event will be posted. By default, when empty, it is posted...</Abstract>
  </Token>
  <Token>
    <TokenIdentifier>
      <Name>transitionDuration</Name>
      <APILanguage>cpp</APILanguage>
      <Type>data</Type>
    </TokenIdentifier>
    <Path>class_ak_event_a856277457c22871638f774f7b99069d8.html</Path>
    <Anchor>a856277457c22871638f774f7b99069d8</Anchor>
    <Abstract>Duration of the fade. See AK::SoundEngine::ExecuteEventOnAction().</Abstract>
  </Token>
  <Token>
    <TokenIdentifier>
      <Name>info</Name>
      <APILanguage>cpp</APILanguage>
      <Type>data</Type>
    </TokenIdentifier>
    <Path>class_ak_event_callback_msg_ae7a3476be29a602f067ebed7a3e1427e.html</Path>
    <Anchor>ae7a3476be29a602f067ebed7a3e1427e</Anchor>
    <Abstract>For more information about the event callback, see the classes derived from AkCallbackInfo...</Abstract>
  </Token>
  <Token>
    <TokenIdentifier>
      <Name>sender</Name>
      <APILanguage>cpp</APILanguage>
      <Type>data</Type>
    </TokenIdentifier>
    <Path>class_ak_event_callback_msg_ae6f04b166afcefef734cb746cad20ad6.html</Path>
    <Anchor>ae6f04b166afcefef734cb746cad20ad6</Anchor>
    <Abstract>GameObject from whom the callback function was called.</Abstract>
  </Token>
  <Token>
    <TokenIdentifier>
      <Name>type</Name>
      <APILanguage>cpp</APILanguage>
      <Type>data</Type>
    </TokenIdentifier>
    <Path>class_ak_event_callback_msg_aa474d9a67d007d46e006a49c46c8ccfc.html</Path>
    <Anchor>aa474d9a67d007d46e006a49c46c8ccfc</Anchor>
    <Abstract>AkSoundEngine.PostEvent callback flags. See the AkCallbackType enumeration for a...</Abstract>
  </Token>
  <Token>
    <TokenIdentifier>
      <Name>AddListener</Name>
      <APILanguage>csharp</APILanguage>
      <Type>instm</Type>
    </TokenIdentifier>
    <Path>class_ak_game_obj_aeb8b2dd5cc6cbc5bc08c9582dc2d7ab2.html</Path>
    <Anchor>aeb8b2dd5cc6cbc5bc08c9582dc2d7ab2</Anchor>
    <Abstract>Adds an AkAudioListener to the container of listeners listening to this gameobject...</Abstract>
  </Token>
  <Token>
    <TokenIdentifier>
      <Name>RemoveListener</Name>
      <APILanguage>csharp</APILanguage>
      <Type>instm</Type>
    </TokenIdentifier>
    <Path>class_ak_game_obj_aec9421abee4305eefa99450ce546b061.html</Path>
    <Anchor>aec9421abee4305eefa99450ce546b061</Anchor>
    <Abstract>Removes an AkAudioListener from the container of listeners listening to this gameobject...</Abstract>
  </Token>
  <Token>
    <TokenIdentifier>
      <Name>GetPosition</Name>
      <APILanguage>csharp</APILanguage>
      <Type>instm</Type>
    </TokenIdentifier>
    <Path>class_ak_game_obj_a3c97c5520bb2ddb83096ee9f7a7452a9.html</Path>
    <Anchor>a3c97c5520bb2ddb83096ee9f7a7452a9</Anchor>
  </Token>
  <Token>
    <TokenIdentifier>
      <Name>GetForward</Name>
      <APILanguage>csharp</APILanguage>
      <Type>instm</Type>
    </TokenIdentifier>
    <Path>class_ak_game_obj_aea8a036e1256803caef03267145d088b.html</Path>
    <Anchor>aea8a036e1256803caef03267145d088b</Anchor>
  </Token>
  <Token>
    <TokenIdentifier>
      <Name>GetUpward</Name>
      <APILanguage>csharp</APILanguage>
      <Type>instm</Type>
    </TokenIdentifier>
    <Path>class_ak_game_obj_ac2c4df4653f96860c16a5433413d9b8a.html</Path>
    <Anchor>ac2c4df4653f96860c16a5433413d9b8a</Anchor>
  </Token>
  <Token>
    <TokenIdentifier>
      <Name>isEnvironmentAware</Name>
      <APILanguage>cpp</APILanguage>
      <Type>data</Type>
    </TokenIdentifier>
    <Path>class_ak_game_obj_a92b827623ddc330289d2e1f228841399.html</Path>
    <Anchor>a92b827623ddc330289d2e1f228841399</Anchor>
    <Abstract>Is this object affected by Environment changes? Set to false if not affected in order...</Abstract>
  </Token>
  <Token>
    <TokenIdentifier>
      <Name>m_positionOffsetData</Name>
      <APILanguage>cpp</APILanguage>
      <Type>data</Type>
    </TokenIdentifier>
    <Path>class_ak_game_obj_af04d8aad357e219372c374457245cd2b.html</Path>
    <Anchor>af04d8aad357e219372c374457245cd2b</Anchor>
    <Abstract>When not set to null, the position will be offset relative to the Game Object position...</Abstract>
  </Token>
  <Token>
    <TokenIdentifier>
      <Name>basePath</Name>
      <APILanguage>cpp</APILanguage>
      <Type>data</Type>
    </TokenIdentifier>
    <Path>class_ak_initializer_afee118d93773dbca99a24c44763de187.html</Path>
    <Anchor>afee118d93773dbca99a24c44763de187</Anchor>
    <Abstract>Path for the soundbanks. This must contain one sub folder per platform, with the...</Abstract>
  </Token>
  <Token>
    <TokenIdentifier>
      <Name>language</Name>
      <APILanguage>cpp</APILanguage>
      <Type>data</Type>
    </TokenIdentifier>
    <Path>class_ak_initializer_a61be742439aa04aa1166a2fa41cb64cd.html</Path>
    <Anchor>a61be742439aa04aa1166a2fa41cb64cd</Anchor>
    <Abstract>Language sub-folder.</Abstract>
  </Token>
  <Token>
    <TokenIdentifier>
      <Name>defaultPoolSize</Name>
      <APILanguage>cpp</APILanguage>
      <Type>data</Type>
    </TokenIdentifier>
    <Path>class_ak_initializer_a0ad8d81a50a26216273ccd6b2e7e1f8c.html</Path>
    <Anchor>a0ad8d81a50a26216273ccd6b2e7e1f8c</Anchor>
    <Abstract>Default Pool size. This contains the meta data for your audio project. Default size...</Abstract>
  </Token>
  <Token>
    <TokenIdentifier>
      <Name>lowerPoolSize</Name>
      <APILanguage>cpp</APILanguage>
      <Type>data</Type>
    </TokenIdentifier>
    <Path>class_ak_initializer_ac82f1b79e078db9fdac54002a0a7b78c.html</Path>
    <Anchor>ac82f1b79e078db9fdac54002a0a7b78c</Anchor>
    <Abstract>Lower Pool size. This contains the audio processing buffers and DSP data. Default...</Abstract>
  </Token>
  <Token>
    <TokenIdentifier>
      <Name>streamingPoolSize</Name>
      <APILanguage>cpp</APILanguage>
      <Type>data</Type>
    </TokenIdentifier>
    <Path>class_ak_initializer_a488d0eeec5644c0aaefd83b377a9c216.html</Path>
    <Anchor>a488d0eeec5644c0aaefd83b377a9c216</Anchor>
    <Abstract>Streaming Pool size. This contains the streaming buffers. Default size is 1 MB, but...</Abstract>
  </Token>
  <Token>
    <TokenIdentifier>
      <Name>preparePoolSize</Name>
      <APILanguage>cpp</APILanguage>
      <Type>data</Type>
    </TokenIdentifier>
    <Path>class_ak_initializer_ae6d4728878d4815880a73312070b1862.html</Path>
    <Anchor>ae6d4728878d4815880a73312070b1862</Anchor>
    <Abstract>Prepare Pool size. This contains the banks loaded using PrepareBank (Banks decoded...</Abstract>
  </Token>
  <Token>
    <TokenIdentifier>
      <Name>memoryCutoffThreshold</Name>
      <APILanguage>cpp</APILanguage>
      <Type>data</Type>
    </TokenIdentifier>
    <Path>class_ak_initializer_a3ce030ffbae1ed67e857e5e3617eb441.html</Path>
    <Anchor>a3ce030ffbae1ed67e857e5e3617eb441</Anchor>
    <Abstract>This setting will trigger the killing of sounds when the memory is reaching 95% of...</Abstract>
  </Token>
  <Token>
    <TokenIdentifier>
      <Name>monitorPoolSize</Name>
      <APILanguage>cpp</APILanguage>
      <Type>data</Type>
    </TokenIdentifier>
    <Path>class_ak_initializer_ab1f519cc4df58c052f52e468e373590b.html</Path>
    <Anchor>ab1f519cc4df58c052f52e468e373590b</Anchor>
    <Abstract>Monitor Pool size. Size of the monitoring pool, in bytes. This parameter is not used...</Abstract>
  </Token>
  <Token>
    <TokenIdentifier>
      <Name>monitorQueuePoolSize</Name>
      <APILanguage>cpp</APILanguage>
      <Type>data</Type>
    </TokenIdentifier>
    <Path>class_ak_initializer_aeb9ad42e670c765d1fbb32a2e15942fe.html</Path>
    <Anchor>aeb9ad42e670c765d1fbb32a2e15942fe</Anchor>
    <Abstract>Monitor Queue Pool size. Size of the monitoring queue pool, in bytes. This parameter...</Abstract>
  </Token>
  <Token>
    <TokenIdentifier>
      <Name>callbackManagerBufferSize</Name>
      <APILanguage>cpp</APILanguage>
      <Type>data</Type>
    </TokenIdentifier>
    <Path>class_ak_initializer_a6f77ed067d6b92292caa025eb874d797.html</Path>
    <Anchor>a6f77ed067d6b92292caa025eb874d797</Anchor>
    <Abstract>CallbackManager buffer size. The size of the buffer used per-frame to transfer callback...</Abstract>
  </Token>
  <Token>
    <TokenIdentifier>
      <Name>spatialAudioPoolSize</Name>
      <APILanguage>cpp</APILanguage>
      <Type>data</Type>
    </TokenIdentifier>
    <Path>class_ak_initializer_ac7c3a32d0fa7b4345bc493c1677d3640.html</Path>
    <Anchor>ac7c3a32d0fa7b4345bc493c1677d3640</Anchor>
    <Abstract>Spatial Audio Lower Pool size. Default size is 4 MB, but you should adjust for your...</Abstract>
  </Token>
  <Token>
    <TokenIdentifier>
      <Name>maxSoundPropagationDepth</Name>
      <APILanguage>cpp</APILanguage>
      <Type>data</Type>
    </TokenIdentifier>
    <Path>class_ak_initializer_aa00ad7efa5fba222f86e324e454d079d.html</Path>
    <Anchor>aa00ad7efa5fba222f86e324e454d079d</Anchor>
    <Abstract>Spatial Audio Max Sound Propagation Depth. Maximum number of rooms that sound can...</Abstract>
  </Token>
  <Token>
    <TokenIdentifier>
      <Name>diffractionFlags</Name>
      <APILanguage>cpp</APILanguage>
      <Type>data</Type>
    </TokenIdentifier>
    <Path>class_ak_initializer_a33b45113439a65e9e3d77acfcd401819.html</Path>
    <Anchor>a33b45113439a65e9e3d77acfcd401819</Anchor>
    <Abstract>Enable or disable specific diffraction features. See AkDiffractionFlags.</Abstract>
  </Token>
  <Token>
    <TokenIdentifier>
      <Name>engineLogging</Name>
      <APILanguage>cpp</APILanguage>
      <Type>data</Type>
    </TokenIdentifier>
    <Path>class_ak_initializer_ad9184e361ff2f0ef161a47c167669b81.html</Path>
    <Anchor>ad9184e361ff2f0ef161a47c167669b81</Anchor>
    <Abstract>Enable Wwise engine logging. Option to turn on/off the logging of the Wwise engine...</Abstract>
  </Token>
  <Token>
    <TokenIdentifier>
      <Name>LoadNonLocalizedBank</Name>
      <APILanguage>csharp</APILanguage>
      <Type>instm</Type>
    </TokenIdentifier>
    <Path>class_ak_mem_bank_loader_ac730fdbbc50db52628fab61369cfff3a.html</Path>
    <Anchor>ac730fdbbc50db52628fab61369cfff3a</Anchor>
    <Abstract>Load a sound bank from WWW object.</Abstract>
  </Token>
  <Token>
    <TokenIdentifier>
      <Name>LoadLocalizedBank</Name>
      <APILanguage>csharp</APILanguage>
      <Type>instm</Type>
    </TokenIdentifier>
    <Path>class_ak_mem_bank_loader_a97d7dae0ed7e6718759403417274af54.html</Path>
    <Anchor>a97d7dae0ed7e6718759403417274af54</Anchor>
    <Abstract>Load a language-specific bank from WWW object.</Abstract>
  </Token>
  <Token>
    <TokenIdentifier>
      <Name>bankName</Name>
      <APILanguage>cpp</APILanguage>
      <Type>data</Type>
    </TokenIdentifier>
    <Path>class_ak_mem_bank_loader_a2a14604a902af51dc8589b273c7be184.html</Path>
    <Anchor>a2a14604a902af51dc8589b273c7be184</Anchor>
    <Abstract>Name of the bank to load.</Abstract>
  </Token>
  <Token>
    <TokenIdentifier>
      <Name>isLocalizedBank</Name>
      <APILanguage>cpp</APILanguage>
      <Type>data</Type>
    </TokenIdentifier>
    <Path>class_ak_mem_bank_loader_a2eb6294ffc60c639f86e13869fc99826.html</Path>
    <Anchor>a2eb6294ffc60c639f86e13869fc99826</Anchor>
    <Abstract>Is the bank localized (situated in the language specific folders).</Abstract>
  </Token>
  <Token>
    <TokenIdentifier>
      <Name>GetID</Name>
      <APILanguage>csharp</APILanguage>
      <Type>instm</Type>
    </TokenIdentifier>
    <Path>class_ak_room_a9f34f32008b1557ca6643e8f53091070.html</Path>
    <Anchor>a9f34f32008b1557ca6643e8f53091070</Anchor>
    <Abstract>Access the room&amp;#39;s ID.</Abstract>
  </Token>
  <Token>
    <TokenIdentifier>
      <Name>priority</Name>
      <APILanguage>cpp</APILanguage>
      <Type>data</Type>
    </TokenIdentifier>
    <Path>class_ak_room_a1637d0e27f1fd0c0bee4ff23badbf171.html</Path>
    <Anchor>a1637d0e27f1fd0c0bee4ff23badbf171</Anchor>
  </Token>
  <Token>
    <TokenIdentifier>
      <Name>reverbAuxBus</Name>
      <APILanguage>cpp</APILanguage>
      <Type>data</Type>
    </TokenIdentifier>
    <Path>class_ak_room_aef30f6ba95e6427df3b4f41d48fd7f7c.html</Path>
    <Anchor>aef30f6ba95e6427df3b4f41d48fd7f7c</Anchor>
    <Abstract>The reverb auxiliary bus.</Abstract>
  </Token>
  <Token>
    <TokenIdentifier>
      <Name>reverbLevel</Name>
      <APILanguage>cpp</APILanguage>
      <Type>data</Type>
    </TokenIdentifier>
    <Path>class_ak_room_aadd32d9ed8045d5a5949a5a9ef75d900.html</Path>
    <Anchor>aadd32d9ed8045d5a5949a5a9ef75d900</Anchor>
    <Abstract>The reverb control value for the send to the reverb aux bus.</Abstract>
  </Token>
  <Token>
    <TokenIdentifier>
      <Name>wallOcclusion</Name>
      <APILanguage>cpp</APILanguage>
      <Type>data</Type>
    </TokenIdentifier>
    <Path>class_ak_room_a072a168fe1a45d8b21c8ba4bb52c00e5.html</Path>
    <Anchor>a072a168fe1a45d8b21c8ba4bb52c00e5</Anchor>
    <Abstract>Occlusion level modeling transmission through walls.</Abstract>
  </Token>
  <Token>
    <TokenIdentifier>
      <Name>GetID</Name>
      <APILanguage>csharp</APILanguage>
      <Type>instm</Type>
    </TokenIdentifier>
    <Path>class_ak_room_portal_a7b51b55bbe6693241fc49fd5fe7db7b3.html</Path>
    <Anchor>a7b51b55bbe6693241fc49fd5fe7db7b3</Anchor>
    <Abstract>Access the portal&amp;#39;s ID.</Abstract>
  </Token>
  <Token>
    <TokenIdentifier>
      <Name>HandleEvent</Name>
      <APILanguage>csharp</APILanguage>
      <Type>instm</Type>
    </TokenIdentifier>
    <Path>class_ak_room_portal_ae545ae47cd83f1a84afa4d2b42fa70ca.html</Path>
    <Anchor>ae545ae47cd83f1a84afa4d2b42fa70ca</Anchor>
    <Abstract>Opens the portal on trigger event.</Abstract>
  </Token>
  <Token>
    <TokenIdentifier>
      <Name>ClosePortal</Name>
      <APILanguage>csharp</APILanguage>
      <Type>instm</Type>
    </TokenIdentifier>
    <Path>class_ak_room_portal_aee3606929fc86b44dcd3fbcd1aa77d7c.html</Path>
    <Anchor>aee3606929fc86b44dcd3fbcd1aa77d7c</Anchor>
    <Abstract>Closes the portal on trigger event.</Abstract>
  </Token>
  <Token>
    <TokenIdentifier>
      <Name>MAX_ROOMS_PER_PORTAL</Name>
      <APILanguage>cpp</APILanguage>
      <Type>data</Type>
    </TokenIdentifier>
    <Path>class_ak_room_portal_a39c53f00442550cb42948aac0ba9eb11.html</Path>
    <Anchor>a39c53f00442550cb42948aac0ba9eb11</Anchor>
    <Abstract>AkRoomPortals can only connect a maximum of 2 rooms.</Abstract>
  </Token>
  <Token>
    <TokenIdentifier>
      <Name>rooms</Name>
      <APILanguage>cpp</APILanguage>
      <Type>data</Type>
    </TokenIdentifier>
    <Path>class_ak_room_portal_a3880e462962b933cde8dafc5a294242b.html</Path>
    <Anchor>a3880e462962b933cde8dafc5a294242b</Anchor>
  </Token>
  <Token>
    <TokenIdentifier>
      <Name>GameObjectHashFunction</Name>
      <APILanguage>csharp</APILanguage>
      <Type>instm</Type>
    </TokenIdentifier>
    <Path>class_ak_sound_engine_a129d5ff28eda0a85f425d3fa894dc151.html</Path>
    <Anchor>a129d5ff28eda0a85f425d3fa894dc151</Anchor>
    <Abstract>The type for hash functions used to convert a Unity Game Object into an integer.</Abstract>
  </Token>
  <Token>
    <TokenIdentifier>
      <Name>StringFromIntPtrString</Name>
      <APILanguage>csharp</APILanguage>
      <Type>clm</Type>
    </TokenIdentifier>
    <Path>class_ak_sound_engine_a7dd22fbb35055eed248e81da14cff923.html</Path>
    <Anchor>a7dd22fbb35055eed248e81da14cff923</Anchor>
    <Abstract>Converts &amp;quot;char*&amp;quot; C-strings to C# strings.</Abstract>
  </Token>
  <Token>
    <TokenIdentifier>
      <Name>StringFromIntPtrWString</Name>
      <APILanguage>csharp</APILanguage>
      <Type>clm</Type>
    </TokenIdentifier>
    <Path>class_ak_sound_engine_ae217cd18f231dffd5e1bad8bb6fd592c.html</Path>
    <Anchor>ae217cd18f231dffd5e1bad8bb6fd592c</Anchor>
    <Abstract>Converts &amp;quot;wchar_t*&amp;quot; C-strings to C# strings.</Abstract>
  </Token>
  <Token>
    <TokenIdentifier>
      <Name>StringFromIntPtrOSString</Name>
      <APILanguage>csharp</APILanguage>
      <Type>clm</Type>
    </TokenIdentifier>
    <Path>class_ak_sound_engine_ae5de9ad70bdc1462a27e3ef350403954.html</Path>
    <Anchor>ae5de9ad70bdc1462a27e3ef350403954</Anchor>
    <Abstract>Converts &amp;quot;AkOSChar*&amp;quot; C-strings to C# strings.</Abstract>
  </Token>
  <Token>
    <TokenIdentifier>
      <Name>GetAkGameObjectID</Name>
      <APILanguage>csharp</APILanguage>
      <Type>clm</Type>
    </TokenIdentifier>
    <Path>class_ak_sound_engine_acec9bd582e077f67716f3b83a25c33d5.html</Path>
    <Anchor>acec9bd582e077f67716f3b83a25c33d5</Anchor>
    <Abstract>The hash function used to convert a Unity Game Object into an AkGameObjectID used...</Abstract>
  </Token>
  <Token>
    <TokenIdentifier>
      <Name>RegisterGameObj</Name>
      <APILanguage>csharp</APILanguage>
      <Type>clm</Type>
    </TokenIdentifier>
    <Path>class_ak_sound_engine_ac4562fd0302c1f7c8ca986065e6cd6c6.html</Path>
    <Anchor>ac4562fd0302c1f7c8ca986065e6cd6c6</Anchor>
    <Abstract>Registers a Unity Game Object with an ID obtained from GetAkGameObjectID().</Abstract>
  </Token>
  <Token>
    <TokenIdentifier>
      <Name>RegisterGameObj</Name>
      <APILanguage>csharp</APILanguage>
      <Type>clm</Type>
    </TokenIdentifier>
    <Path>class_ak_sound_engine_ab3010f1b405e4ed27a1186e6e2541676.html</Path>
    <Anchor>ab3010f1b405e4ed27a1186e6e2541676</Anchor>
    <Abstract>Registers a Unity Game Object with an ID obtained from GetAkGameObjectID().</Abstract>
  </Token>
  <Token>
    <TokenIdentifier>
      <Name>UnregisterGameObj</Name>
      <APILanguage>csharp</APILanguage>
      <Type>clm</Type>
    </TokenIdentifier>
    <Path>class_ak_sound_engine_acf8866c28b9846a090e09d696af4692c.html</Path>
    <Anchor>acf8866c28b9846a090e09d696af4692c</Anchor>
    <Abstract>Unregisters a Unity Game Object with an ID obtained from GetAkGameObjectID().</Abstract>
  </Token>
  <Token>
    <TokenIdentifier>
      <Name>GameObjectHash</Name>
      <APILanguage>cpp</APILanguage>
      <Type>instp</Type>
    </TokenIdentifier>
    <Path>class_ak_sound_engine_aee411ecbb72d56c485a2adf9c2b101b1.html</Path>
    <Anchor>aee411ecbb72d56c485a2adf9c2b101b1</Anchor>
    <Abstract>The user assignable hash function used to convert a Unity Game Object into an AkGameObjectID...</Abstract>
  </Token>
  <Token>
    <TokenIdentifier>
      <Name>EnteredRoom</Name>
      <APILanguage>csharp</APILanguage>
      <Type>instm</Type>
    </TokenIdentifier>
    <Path>class_ak_spatial_audio_base_a2ea2753e75d2f917801b8664bfad1976.html</Path>
    <Anchor>a2ea2753e75d2f917801b8664bfad1976</Anchor>
    <Abstract>Called when entering a room.</Abstract>
  </Token>
  <Token>
    <TokenIdentifier>
      <Name>ExitedRoom</Name>
      <APILanguage>csharp</APILanguage>
      <Type>instm</Type>
    </TokenIdentifier>
    <Path>class_ak_spatial_audio_base_ae417d5e9af28063cc1876c5c1d9d3d1e.html</Path>
    <Anchor>ae417d5e9af28063cc1876c5c1d9d3d1e</Anchor>
    <Abstract>Called when exiting a room.</Abstract>
  </Token>
  <Token>
    <TokenIdentifier>
      <Name>SetGameObjectInRoom</Name>
      <APILanguage>csharp</APILanguage>
      <Type>instm</Type>
    </TokenIdentifier>
    <Path>class_ak_spatial_audio_base_a50c345c8830fe5fb90f4cbeab5f16f7d.html</Path>
    <Anchor>a50c345c8830fe5fb90f4cbeab5f16f7d</Anchor>
    <Abstract>Sets the Unity Game Object within the highest priority room.</Abstract>
  </Token>
  <Token>
    <TokenIdentifier>
      <Name>EnteredRoom</Name>
      <APILanguage>csharp</APILanguage>
      <Type>instm</Type>
    </TokenIdentifier>
    <Path>class_ak_spatial_audio_base_a2ea2753e75d2f917801b8664bfad1976.html</Path>
    <Anchor>a2ea2753e75d2f917801b8664bfad1976</Anchor>
    <Abstract>Called when entering a room.</Abstract>
  </Token>
  <Token>
    <TokenIdentifier>
      <Name>ExitedRoom</Name>
      <APILanguage>csharp</APILanguage>
      <Type>instm</Type>
    </TokenIdentifier>
    <Path>class_ak_spatial_audio_base_ae417d5e9af28063cc1876c5c1d9d3d1e.html</Path>
    <Anchor>ae417d5e9af28063cc1876c5c1d9d3d1e</Anchor>
    <Abstract>Called when exiting a room.</Abstract>
  </Token>
  <Token>
    <TokenIdentifier>
      <Name>SetGameObjectInRoom</Name>
      <APILanguage>csharp</APILanguage>
      <Type>instm</Type>
    </TokenIdentifier>
    <Path>class_ak_spatial_audio_base_a50c345c8830fe5fb90f4cbeab5f16f7d.html</Path>
    <Anchor>a50c345c8830fe5fb90f4cbeab5f16f7d</Anchor>
    <Abstract>Sets the Unity Game Object within the highest priority room.</Abstract>
  </Token>
  <Token>
    <TokenIdentifier>
      <Name>reflectAuxBus</Name>
      <APILanguage>cpp</APILanguage>
      <Type>data</Type>
    </TokenIdentifier>
    <Path>class_ak_spatial_audio_emitter_a6e426e74c3d2865e9cd8374f77c2920b.html</Path>
    <Anchor>a6e426e74c3d2865e9cd8374f77c2920b</Anchor>
    <Abstract>The Auxiliary Bus with a Reflect plug-in Effect applied.</Abstract>
  </Token>
  <Token>
    <TokenIdentifier>
      <Name>reflectionMaxPathLength</Name>
      <APILanguage>cpp</APILanguage>
      <Type>data</Type>
    </TokenIdentifier>
    <Path>class_ak_spatial_audio_emitter_ac56f96705df59e097f589fcb58687846.html</Path>
    <Anchor>ac56f96705df59e097f589fcb58687846</Anchor>
    <Abstract>A heuristic to stop the computation of reflections. Should be no longer (and possibly...</Abstract>
  </Token>
  <Token>
    <TokenIdentifier>
      <Name>reflectionsAuxBusGain</Name>
      <APILanguage>cpp</APILanguage>
      <Type>data</Type>
    </TokenIdentifier>
    <Path>class_ak_spatial_audio_emitter_a58fc1cc9bbc20c935c1735fe3de05328.html</Path>
    <Anchor>a58fc1cc9bbc20c935c1735fe3de05328</Anchor>
    <Abstract>The gain [0, 1] applied to the reflect auxiliary bus.</Abstract>
  </Token>
  <Token>
    <TokenIdentifier>
      <Name>reflectionsOrder</Name>
      <APILanguage>cpp</APILanguage>
      <Type>data</Type>
    </TokenIdentifier>
    <Path>class_ak_spatial_audio_emitter_aead7eca8d8bb7670abb7d5baec4f8274.html</Path>
    <Anchor>aead7eca8d8bb7670abb7d5baec4f8274</Anchor>
  </Token>
  <Token>
    <TokenIdentifier>
      <Name>roomReverbAuxBusGain</Name>
      <APILanguage>cpp</APILanguage>
      <Type>data</Type>
    </TokenIdentifier>
    <Path>class_ak_spatial_audio_emitter_ae2ba5199b536118c0edb72d1904be75e.html</Path>
    <Anchor>ae2ba5199b536118c0edb72d1904be75e</Anchor>
    <Abstract>Send gain (0.f-1.f) that is applied when sending to the aux bus associated with the...</Abstract>
  </Token>
  <Token>
    <TokenIdentifier>
      <Name>EnteredRoom</Name>
      <APILanguage>csharp</APILanguage>
      <Type>instm</Type>
    </TokenIdentifier>
    <Path>class_ak_spatial_audio_base_a2ea2753e75d2f917801b8664bfad1976.html</Path>
    <Anchor>a2ea2753e75d2f917801b8664bfad1976</Anchor>
    <Abstract>Called when entering a room.</Abstract>
  </Token>
  <Token>
    <TokenIdentifier>
      <Name>ExitedRoom</Name>
      <APILanguage>csharp</APILanguage>
      <Type>instm</Type>
    </TokenIdentifier>
    <Path>class_ak_spatial_audio_base_ae417d5e9af28063cc1876c5c1d9d3d1e.html</Path>
    <Anchor>ae417d5e9af28063cc1876c5c1d9d3d1e</Anchor>
    <Abstract>Called when exiting a room.</Abstract>
  </Token>
  <Token>
    <TokenIdentifier>
      <Name>SetGameObjectInRoom</Name>
      <APILanguage>csharp</APILanguage>
      <Type>instm</Type>
    </TokenIdentifier>
    <Path>class_ak_spatial_audio_base_a50c345c8830fe5fb90f4cbeab5f16f7d.html</Path>
    <Anchor>a50c345c8830fe5fb90f4cbeab5f16f7d</Anchor>
    <Abstract>Sets the Unity Game Object within the highest priority room.</Abstract>
  </Token>
  <Token>
    <TokenIdentifier>
      <Name>TheSpatialAudioListener</Name>
      <APILanguage>cpp</APILanguage>
      <Type>instp</Type>
    </TokenIdentifier>
    <Path>class_ak_spatial_audio_listener_a75ad9f266d3fe002b258a02400e42c4b.html</Path>
    <Anchor>a75ad9f266d3fe002b258a02400e42c4b</Anchor>
    <Abstract>Returns the &amp;quot;single&amp;quot; spatial audio listener.</Abstract>
  </Token>
  <Token>
    <TokenIdentifier>
      <Name>SpatialAudioListeners</Name>
      <APILanguage>cpp</APILanguage>
      <Type>instp</Type>
    </TokenIdentifier>
    <Path>class_ak_spatial_audio_listener_a052e2b33ae03a89acc55191e0a040292.html</Path>
    <Anchor>a052e2b33ae03a89acc55191e0a040292</Anchor>
    <Abstract>Returns the list of active Unity Game Objects that are designated to be spatial audio...</Abstract>
  </Token>
  <Token>
    <TokenIdentifier>
      <Name>Add</Name>
      <APILanguage>csharp</APILanguage>
      <Type>instm</Type>
    </TokenIdentifier>
    <Path>class_ak_spatial_audio_listener_1_1_spatial_audio_listener_list_a1006bbe8c86c7a32bff09d2ac209b3bd.html</Path>
    <Anchor>a1006bbe8c86c7a32bff09d2ac209b3bd</Anchor>
    <Abstract>Uniquely adds listeners to the list.</Abstract>
  </Token>
  <Token>
    <TokenIdentifier>
      <Name>Remove</Name>
      <APILanguage>csharp</APILanguage>
      <Type>instm</Type>
    </TokenIdentifier>
    <Path>class_ak_spatial_audio_listener_1_1_spatial_audio_listener_list_a04b9673e6c62e51036a6174b5152f1fb.html</Path>
    <Anchor>a04b9673e6c62e51036a6174b5152f1fb</Anchor>
    <Abstract>Removes listeners from the list.</Abstract>
  </Token>
  <Token>
    <TokenIdentifier>
      <Name>groupID</Name>
      <APILanguage>cpp</APILanguage>
      <Type>data</Type>
    </TokenIdentifier>
    <Path>class_ak_state_a2c97d469200fd06716cac28b82d1580f.html</Path>
    <Anchor>a2c97d469200fd06716cac28b82d1580f</Anchor>
    <Abstract>State Group ID, as defined in WwiseID.cs.</Abstract>
  </Token>
  <Token>
    <TokenIdentifier>
      <Name>valueID</Name>
      <APILanguage>cpp</APILanguage>
      <Type>data</Type>
    </TokenIdentifier>
    <Path>class_ak_state_a79a82c86cd31179113562929c1a67fd2.html</Path>
    <Anchor>a79a82c86cd31179113562929c1a67fd2</Anchor>
    <Abstract>State Value ID, as defined in WwiseID.cs.</Abstract>
  </Token>
  <Token>
    <TokenIdentifier>
      <Name>AddGeometrySet</Name>
      <APILanguage>csharp</APILanguage>
      <Type>clm</Type>
    </TokenIdentifier>
    <Path>class_ak_surface_reflector_a275d50b33b8e9972313b01613a85d24b.html</Path>
    <Anchor>a275d50b33b8e9972313b01613a85d24b</Anchor>
    <Abstract>Sends the mesh filter&amp;#39;s triangles and their acoustic texture to Spatial Audio...</Abstract>
  </Token>
  <Token>
    <TokenIdentifier>
      <Name>RemoveGeometrySet</Name>
      <APILanguage>csharp</APILanguage>
      <Type>clm</Type>
    </TokenIdentifier>
    <Path>class_ak_surface_reflector_aa7f4f3a3e13db50eb51b96c0f5ef833e.html</Path>
    <Anchor>aa7f4f3a3e13db50eb51b96c0f5ef833e</Anchor>
    <Abstract>Remove the corresponding mesh filter&amp;#39;s geometry from Spatial Audio.</Abstract>
  </Token>
  <Token>
    <TokenIdentifier>
      <Name>AcousticTexture</Name>
      <APILanguage>cpp</APILanguage>
      <Type>data</Type>
    </TokenIdentifier>
    <Path>class_ak_surface_reflector_a3f780a056ad53534aa3fd5ee4a8afa52.html</Path>
    <Anchor>a3f780a056ad53534aa3fd5ee4a8afa52</Anchor>
    <Abstract>All triangles of the component&amp;#39;s mesh will be applied with this texture. The...</Abstract>
  </Token>
  <Token>
    <TokenIdentifier>
      <Name>groupID</Name>
      <APILanguage>cpp</APILanguage>
      <Type>data</Type>
    </TokenIdentifier>
    <Path>class_ak_switch_aaa5fffce06dc767f44d06fad43959e86.html</Path>
    <Anchor>aaa5fffce06dc767f44d06fad43959e86</Anchor>
    <Abstract>Switch Group ID, as defined in WwiseID.cs.</Abstract>
  </Token>
  <Token>
    <TokenIdentifier>
      <Name>valueID</Name>
      <APILanguage>cpp</APILanguage>
      <Type>data</Type>
    </TokenIdentifier>
    <Path>class_ak_switch_a0c4801b342fd0b06f1f70f3d7243c455.html</Path>
    <Anchor>a0c4801b342fd0b06f1f70f3d7243c455</Anchor>
    <Abstract>Switch Value ID, as defined in WwiseID.cs.</Abstract>
  </Token>
  <Token>
    <TokenIdentifier>
      <Name>Trigger</Name>
      <APILanguage>csharp</APILanguage>
      <Type>instm</Type>
    </TokenIdentifier>
    <Path>class_ak_trigger_base_ae9841d50f232dfb082f4727412419224.html</Path>
    <Anchor>ae9841d50f232dfb082f4727412419224</Anchor>
    <Abstract>Delegate declaration for all Wwise Triggers.</Abstract>
  </Token>
  <Token>
    <TokenIdentifier>
      <Name>triggerDelegate</Name>
      <APILanguage>cpp</APILanguage>
      <Type>data</Type>
    </TokenIdentifier>
    <Path>class_ak_trigger_base_ab98c3e4da938eedb78dc5506f61ab6e4.html</Path>
    <Anchor>ab98c3e4da938eedb78dc5506f61ab6e4</Anchor>
    <Abstract>All components reacting to the trigger will be registered in this delegate.</Abstract>
  </Token>
  <Token>
    <TokenIdentifier>
      <Name>Post</Name>
      <APILanguage>csharp</APILanguage>
      <Type>instm</Type>
    </TokenIdentifier>
    <Path>class_a_k_1_1_wwise_1_1_event_a161afdf79475c647094b5ba81ea22631.html</Path>
    <Anchor>a161afdf79475c647094b5ba81ea22631</Anchor>
    <Abstract>Posts this Event on a GameObject.</Abstract>
  </Token>
  <Token>
    <TokenIdentifier>
      <Name>Post</Name>
      <APILanguage>csharp</APILanguage>
      <Type>instm</Type>
    </TokenIdentifier>
    <Path>class_a_k_1_1_wwise_1_1_event_ad5b22a0229b1bd85b2ff49a4e2176db0.html</Path>
    <Anchor>ad5b22a0229b1bd85b2ff49a4e2176db0</Anchor>
    <Abstract>Posts this Event on a GameObject.</Abstract>
  </Token>
  <Token>
    <TokenIdentifier>
      <Name>Post</Name>
      <APILanguage>csharp</APILanguage>
      <Type>instm</Type>
    </TokenIdentifier>
    <Path>class_a_k_1_1_wwise_1_1_event_a2dd822a943e3c8c89b39ba852269855b.html</Path>
    <Anchor>a2dd822a943e3c8c89b39ba852269855b</Anchor>
    <Abstract>Posts this Event on a GameObject.</Abstract>
  </Token>
  <Token>
    <TokenIdentifier>
      <Name>ExecuteAction</Name>
      <APILanguage>csharp</APILanguage>
      <Type>instm</Type>
    </TokenIdentifier>
    <Path>class_a_k_1_1_wwise_1_1_event_a58e7b1d3ff1a761ba1a7ab3c805d5db4.html</Path>
    <Anchor>a58e7b1d3ff1a761ba1a7ab3c805d5db4</Anchor>
    <Abstract>Executes various actions on this event associated with a GameObject.</Abstract>
  </Token>
  <Token>
    <TokenIdentifier>
      <Name>PostMIDI</Name>
      <APILanguage>csharp</APILanguage>
      <Type>instm</Type>
    </TokenIdentifier>
    <Path>class_a_k_1_1_wwise_1_1_event_a88b1bed0d197d5717e92d66f79b4d1e8.html</Path>
    <Anchor>a88b1bed0d197d5717e92d66f79b4d1e8</Anchor>
    <Abstract>Posts MIDI Events on this Event associated with a GameObject.</Abstract>
  </Token>
  <Token>
    <TokenIdentifier>
      <Name>PostMIDI</Name>
      <APILanguage>csharp</APILanguage>
      <Type>instm</Type>
    </TokenIdentifier>
    <Path>class_a_k_1_1_wwise_1_1_event_af08b3c5c583cab8818292d881c62d3e7.html</Path>
    <Anchor>af08b3c5c583cab8818292d881c62d3e7</Anchor>
    <Abstract>Posts MIDI Events on this Event associated with a GameObject.</Abstract>
  </Token>
  <Token>
    <TokenIdentifier>
      <Name>StopMIDI</Name>
      <APILanguage>csharp</APILanguage>
      <Type>instm</Type>
    </TokenIdentifier>
    <Path>class_a_k_1_1_wwise_1_1_event_aff526178a7e62888020d03632e274dcf.html</Path>
    <Anchor>aff526178a7e62888020d03632e274dcf</Anchor>
    <Abstract>Stops MIDI Events on this Event associated with a GameObject.</Abstract>
  </Token>
  <Token>
    <TokenIdentifier>
      <Name>StopMIDI</Name>
      <APILanguage>csharp</APILanguage>
      <Type>instm</Type>
    </TokenIdentifier>
    <Path>class_a_k_1_1_wwise_1_1_event_af7d68d6e81cd250ec3c0941801c4a114.html</Path>
    <Anchor>af7d68d6e81cd250ec3c0941801c4a114</Anchor>
    <Abstract>Stops all MIDI Events on this Event.</Abstract>
  </Token>
</Tokens>
